"","sector","StartDate","Category","activity","Indicator","Indicator2","Governorate","Gender","Partner","SiteType","appeal","Fundedby","allocation","rcode","gcode","Value","Units","location","region","poptype"
"8760","FOOD/LIVELIHOOD","29/2/2016","Improve Food Access","[REF 1.1.1]Food Assistance","% of vulnerable women employing severe or emergency coping strategies","% of vulnerable women employing severe or emergency coping strategies","MAFRAQ","","IOCC","     - ","Indirect appeal","None - Fund direct from Donors","Yes","1","1711",0,"%","Liwa Qasabat al Mafraq","North",""
"8790","FOOD/LIVELIHOOD","29/2/2016","Improve Food Access","[REF 1.1.1]Food Assistance","% of vulnerable girls employing severe or emergency coping strategies","% of vulnerable girls employing severe or emergency coping strategies","MAFRAQ","","IOCC","     - ","Indirect appeal","None - Fund direct from Donors","Yes","1","1711",0,"%","Liwa Qasabat al Mafraq","North",""
"8804","FOOD/LIVELIHOOD","29/2/2016","Improve Food Access","[REF 1.1.1]Food Assistance","% of vulnerable boys employing severe or emergency coping strategies","% of vulnerable boys employing severe or emergency coping strategies","MAFRAQ","","IOCC","     - ","Indirect appeal","None - Fund direct from Donors","Yes","1","1711",0,"%","Liwa Qasabat al Mafraq","North",""
"9138","FOOD/LIVELIHOOD","29/2/2016","Improve Food Access","[REF 1.1.1]Food Assistance","% of vulnerable men employing severe or emergency coping strategies","% of vulnerable men employing severe or emergency coping strategies","MAFRAQ","","IOCC","     - ","Indirect appeal","None - Fund direct from Donors","Yes","1","1711",0,"%","Liwa Qasabat al Mafraq","North",""
"2089","FOOD/LIVELIHOOD","29/2/2016","Improve Food Access","[REF 1.1.1]Food Assistance","% of vulnerable boys employing severe or emergency coping strategies","% of vulnerable boys employing severe or emergency coping strategies","AMMAN","","IOCC","   Urban areas - ","Indirect appeal","None - Fund direct from Donors","Yes","2","1705",0,"%","Liwa Qasabat Amman","Center",""
"2393","FOOD/LIVELIHOOD","29/2/2016","Improve Food Access","[REF 1.1.1]Food Assistance","% of vulnerable men employing severe or emergency coping strategies","% of vulnerable men employing severe or emergency coping strategies","AMMAN","","IOCC","   Urban areas - ","Indirect appeal","None - Fund direct from Donors","Yes","2","1705",0,"%","Liwa Qasabat Amman","Center",""
"2395","FOOD/LIVELIHOOD","29/2/2016","Improve Food Access","[REF 1.1.1]Food Assistance","% of vulnerable girls employing severe or emergency coping strategies","% of vulnerable girls employing severe or emergency coping strategies","AMMAN","","IOCC","   Urban areas - ","Indirect appeal","None - Fund direct from Donors","Yes","2","1705",0,"%","Liwa Qasabat Amman","Center",""
"3002","FOOD/LIVELIHOOD","29/2/2016","Improve Food Access","[REF 1.1.1]Food Assistance","% of vulnerable women employing severe or emergency coping strategies","% of vulnerable women employing severe or emergency coping strategies","AMMAN","","IOCC","   Urban areas - ","Indirect appeal","None - Fund direct from Donors","Yes","2","1705",0,"%","Liwa Qasabat Amman","Center",""
"13294","FOOD/LIVELIHOOD","31/1/2016","Improve Food Access","[REF 1.1.1]Food Assistance"," food assistance","# of SYRIAN_WOMEN_IN_CAMPS receiving food assistance","AZRAQCAMP","Women","WFP","Camp    - ","Indirect appeal","None - Fund direct from Donors","Yes","1","1712",3211,"# women","Azraq Camp","North","Camp"
"4075","FOOD/LIVELIHOOD","31/1/2016","Improve Food Access","[REF 1.1.1]Food Assistance"," food assistance","# of SYRIAN_WOMEN_IN_CAMPS receiving food assistance","IRBID","Women","WFP","Camp    - ","Indirect appeal","None - Fund direct from Donors","Yes","1","1707",74,"# women","Cyber City Refugee Center","North","Camp"
"4896","FOOD/LIVELIHOOD","29/2/2016","Improve Food Access","[REF 1.1.1]Food Assistance"," food assistance","# of SYRIAN_WOMEN_IN_CAMPS receiving food assistance","IRBID","Women","WFP","Camp    - ","Indirect appeal","None - Fund direct from Donors","Yes","1","1707",74,"# women","Cyber City Refugee Center","North","Camp"
"4819","FOOD/LIVELIHOOD","31/1/2016","Improve Food Access","[REF 1.1.1]Food Assistance"," food assistance","# of SYRIAN_WOMEN_IN_CAMPS receiving food assistance","IRBID","Women","WFP","Camp    - ","Indirect appeal","None - Fund direct from Donors","Yes","1","1707",166,"# women","King Abdullah Park Refugee Center","North","Camp"
"5884","FOOD/LIVELIHOOD","29/2/2016","Improve Food Access","[REF 1.1.1]Food Assistance"," food assistance","# of SYRIAN_WOMEN_IN_CAMPS receiving food assistance","IRBID","Women","WFP","Camp    - ","Indirect appeal","None - Fund direct from Donors","Yes","1","1707",166,"# women","King Abdullah Park Refugee Center","North","Camp"
"8903","FOOD/LIVELIHOOD","29/2/2016","Improve Food Access","[REF 1.1.1]Food Assistance"," food assistance","# of SYRIAN_WOMEN_IN_CAMPS receiving food assistance","MAFRAQ","Women","IOCC","     - ","Indirect appeal","None - Fund direct from Donors","Yes","1","1711",0,"# women","Liwa Qasabat al Mafraq","North","Camp"
"2540","FOOD/LIVELIHOOD","29/2/2016","Improve Food Access","[REF 1.1.1]Food Assistance"," food assistance","# of SYRIAN_WOMEN_IN_CAMPS receiving food assistance","AMMAN","Women","IOCC","   Urban areas - ","Indirect appeal","None - Fund direct from Donors","Yes","2","1705",0,"# women","Liwa Qasabat Amman","Center","Camp"
"9619","FOOD/LIVELIHOOD","29/2/2016","Improve Food Access","[REF 1.1.1]Food Assistance"," food assistance","# of SYRIAN_WOMEN_IN_CAMPS receiving food assistance","ZAATARICAMP","Women","WFP","Camp    - ","Indirect appeal","None - Fund direct from Donors","Yes","1","1711",17371,"# women","Zaatari Camp (all district)","North","Camp"
"9886","FOOD/LIVELIHOOD","31/1/2016","Improve Food Access","[REF 1.1.1]Food Assistance"," food assistance","# of SYRIAN_WOMEN_IN_CAMPS receiving food assistance","ZAATARICAMP","Women","WFP","Camp    - ","Indirect appeal","None - Fund direct from Donors","Yes","1","1711",17260,"# women","Zaatari Camp (all district)","North","Camp"
"8768","FOOD/LIVELIHOOD","29/2/2016","Improve Food Access","[REF 1.1.1]Food Assistance"," food consumption","% of SYRIAN_WOMEN_IN_URBAN with acceptable food consumption","MAFRAQ","Women","IOCC","     - ","Indirect appeal","None - Fund direct from Donors","Yes","1","1711",0.22,"%","Liwa Qasabat al Mafraq","North","Urban"
"8815","FOOD/LIVELIHOOD","29/2/2016","Improve Food Access","[REF 1.1.1]Food Assistance"," food consumption","% of SYRIAN_GIRLS_IN_URBAN with acceptable food consumption","MAFRAQ","Girls","IOCC","     - ","Indirect appeal","None - Fund direct from Donors","Yes","1","1711",0.3,"%","Liwa Qasabat al Mafraq","North","Urban"
"2783","FOOD/LIVELIHOOD","29/2/2016","Improve Food Access","[REF 1.1.1]Food Assistance"," food consumption","% of SYRIAN_GIRLS_IN_URBAN with acceptable food consumption","AMMAN","Girls","IOCC","   Urban areas - ","Indirect appeal","None - Fund direct from Donors","Yes","2","1705",630,"%","Liwa Qasabat Amman","Center","Urban"
"9011","FOOD/LIVELIHOOD","29/2/2016","Improve Food Access","[REF 1.1.1]Food Assistance","acceptable food consumption","%  of SYRIAN_MEN_IN_CAMPS with acceptable food consumption","MAFRAQ","Men","IOCC","     - ","Indirect appeal","None - Fund direct from Donors","Yes","1","1711",0,"%","Liwa Qasabat al Mafraq","North","Camp"
"1802","FOOD/LIVELIHOOD","29/2/2016","Improve Food Access","[REF 1.1.1]Food Assistance","acceptable food consumption","%  of SYRIAN_MEN_IN_CAMPS with acceptable food consumption","AMMAN","Men","IOCC","   Urban areas - ","Indirect appeal","None - Fund direct from Donors","Yes","2","1705",0,"%","Liwa Qasabat Amman","Center","Camp"
"8822","FOOD/LIVELIHOOD","29/2/2016","Improve Food Access","[REF 1.1.1]Food Assistance","assistance","# of SYRIAN_WOMEN_IN_URBAN receiving food assistance","MAFRAQ","Women","IOCC","     - ","Indirect appeal","None - Fund direct from Donors","Yes","1","1711",176,"# women","Liwa Qasabat al Mafraq","North","Urban"
"9026","FOOD/LIVELIHOOD","29/2/2016","Improve Food Access","[REF 1.1.1]Food Assistance","assistance","# of SYRIAN_GIRLS_IN_URBAN receiving food assistance","MAFRAQ","Girls","IOCC","     - ","Indirect appeal","None - Fund direct from Donors","Yes","1","1711",240,"# girls","Liwa Qasabat al Mafraq","North","Urban"
"2557","FOOD/LIVELIHOOD","29/2/2016","Improve Food Access","[REF 1.1.1]Food Assistance","assistance","# of SYRIAN_WOMEN_IN_URBAN receiving food assistance","AMMAN","Women","IOCC","   Urban areas - ","Indirect appeal","None - Fund direct from Donors","Yes","2","1705",462,"# women","Liwa Qasabat Amman","Center","Urban"
"2594","FOOD/LIVELIHOOD","29/2/2016","Improve Food Access","[REF 1.1.1]Food Assistance","assistance","# of SYRIAN_GIRLS_IN_URBAN receiving food assistance","AMMAN","Girls","IOCC","   Urban areas - ","Indirect appeal","None - Fund direct from Donors","Yes","2","1705",630,"# girls","Liwa Qasabat Amman","Center","Urban"
"9342","FOOD/LIVELIHOOD","29/2/2016","Improve Food Access","[REF 1.1.1]Food Assistance","cceptable food consumption","%  of SYRIAN_MEN_IN_URBAN with acceptable food consumption","MAFRAQ","Men","IOCC","     - ","Indirect appeal","None - Fund direct from Donors","Yes","1","1711",0.18,"%","Liwa Qasabat al Mafraq","North","Urban"
"31","FOOD/LIVELIHOOD","31/1/2016","Improve Food Access","[REF 1.1.1]Food Assistance","food assistance","# of BOYS_IN_HOST_COMMUNITY receiving food assistance","AJLOUN","Boys","WFP","   Urban areas - ","Indirect appeal","None - Fund direct from Donors","Yes","1","1701",3686,"# boys","Ajlun Governorate","North","Host Community"
"57","FOOD/LIVELIHOOD","29/2/2016","Improve Food Access","[REF 1.1.1]Food Assistance","food assistance","# of WOMEN_IN_HOST_COMMUNITY receiving food assistance","AJLOUN","Men","WFP","   Urban areas - ","Indirect appeal","None - Fund direct from Donors","Yes","1","1701",2703,"# women","Ajlun Governorate","North","Host Community"
"424","FOOD/LIVELIHOOD","29/2/2016","Improve Food Access","[REF 1.1.1]Food Assistance","food assistance","# of BOYS_IN_HOST_COMMUNITY receiving food assistance","AJLOUN","Boys","WFP","   Urban areas - ","Indirect appeal","None - Fund direct from Donors","Yes","1","1701",3641,"# boys","Ajlun Governorate","North","Host Community"
"469","FOOD/LIVELIHOOD","31/1/2016","Improve Food Access","[REF 1.1.1]Food Assistance","food assistance","# of WOMEN_IN_HOST_COMMUNITY receiving food assistance","AJLOUN","Men","WFP","   Urban areas - ","Indirect appeal","None - Fund direct from Donors","Yes","1","1701",2735,"# women","Ajlun Governorate","North","Host Community"
"983","FOOD/LIVELIHOOD","29/2/2016","Improve Food Access","[REF 1.1.1]Food Assistance","food assistance","# of WOMEN_IN_HOST_COMMUNITY receiving food assistance","BALQA","Men","WFP","   Urban areas - ","Indirect appeal","None - Fund direct from Donors","Yes","2","1702",4452,"# women","Al Balqa Governorate","Center","Host Community"
"1306","FOOD/LIVELIHOOD","31/1/2016","Improve Food Access","[REF 1.1.1]Food Assistance","food assistance","# of WOMEN_IN_HOST_COMMUNITY receiving food assistance","BALQA","Men","WFP","   Urban areas - ","Indirect appeal","None - Fund direct from Donors","Yes","2","1702",4417,"# women","Al Balqa Governorate","Center","Host Community"
"1374","FOOD/LIVELIHOOD","29/2/2016","Improve Food Access","[REF 1.1.1]Food Assistance","food assistance","# of BOYS_IN_HOST_COMMUNITY receiving food assistance","BALQA","Boys","WFP","   Urban areas - ","Indirect appeal","None - Fund direct from Donors","Yes","2","1702",4800,"# boys","Al Balqa Governorate","Center","Host Community"
"1415","FOOD/LIVELIHOOD","31/1/2016","Improve Food Access","[REF 1.1.1]Food Assistance","food assistance","# of BOYS_IN_HOST_COMMUNITY receiving food assistance","BALQA","Boys","WFP","   Urban areas - ","Indirect appeal","None - Fund direct from Donors","Yes","2","1702",4763,"# boys","Al Balqa Governorate","Center","Host Community"
"2822","FOOD/LIVELIHOOD","29/2/2016","Improve Food Access","[REF 1.1.1]Food Assistance","food assistance","# of BOYS_IN_HOST_COMMUNITY receiving food assistance","AMMAN","Boys","WFP","   Urban areas - ","Indirect appeal","None - Fund direct from Donors","Yes","2","1705",38217,"# boys","Amman Governorate","Center","Host Community"
"2824","FOOD/LIVELIHOOD","29/2/2016","Improve Food Access","[REF 1.1.1]Food Assistance","food assistance","# of WOMEN_IN_HOST_COMMUNITY receiving food assistance","AMMAN","Men","WFP","   Urban areas - ","Indirect appeal","None - Fund direct from Donors","Yes","2","1705",35443,"# women","Amman Governorate","Center","Host Community"
"3194","FOOD/LIVELIHOOD","31/1/2016","Improve Food Access","[REF 1.1.1]Food Assistance","food assistance","# of WOMEN_IN_HOST_COMMUNITY receiving food assistance","AMMAN","Men","WFP","   Urban areas - ","Indirect appeal","None - Fund direct from Donors","Yes","2","1705",35374,"# women","Amman Governorate","Center","Host Community"
"3356","FOOD/LIVELIHOOD","31/1/2016","Improve Food Access","[REF 1.1.1]Food Assistance","food assistance","# of BOYS_IN_HOST_COMMUNITY receiving food assistance","AMMAN","Boys","WFP","   Urban areas - ","Indirect appeal","None - Fund direct from Donors","Yes","2","1705",38143,"# boys","Amman Governorate","Center","Host Community"
"3782","FOOD/LIVELIHOOD","31/1/2016","Improve Food Access","[REF 1.1.1]Food Assistance","food assistance","# of WOMEN_IN_HOST_COMMUNITY receiving food assistance","AQABAH","Men","WFP","   Urban areas - ","Indirect appeal","None - Fund direct from Donors","Yes","3","1703",650,"# women","Aqaba Governorate","South","Host Community"
"3902","FOOD/LIVELIHOOD","31/1/2016","Improve Food Access","[REF 1.1.1]Food Assistance","food assistance","# of BOYS_IN_HOST_COMMUNITY receiving food assistance","AQABAH","Boys","WFP","   Urban areas - ","Indirect appeal","None - Fund direct from Donors","Yes","3","1703",717,"# boys","Aqaba Governorate","South","Host Community"
"3936","FOOD/LIVELIHOOD","29/2/2016","Improve Food Access","[REF 1.1.1]Food Assistance","food assistance","# of BOYS_IN_HOST_COMMUNITY receiving food assistance","AQABAH","Boys","WFP","   Urban areas - ","Indirect appeal","None - Fund direct from Donors","Yes","3","1703",712,"# boys","Aqaba Governorate","South","Host Community"
"3991","FOOD/LIVELIHOOD","29/2/2016","Improve Food Access","[REF 1.1.1]Food Assistance","food assistance","# of WOMEN_IN_HOST_COMMUNITY receiving food assistance","AQABAH","Men","WFP","   Urban areas - ","Indirect appeal","None - Fund direct from Donors","Yes","3","1703",645,"# women","Aqaba Governorate","South","Host Community"
"4980","FOOD/LIVELIHOOD","31/1/2016","Improve Food Access","[REF 1.1.1]Food Assistance","food assistance","# of BOYS_IN_HOST_COMMUNITY receiving food assistance","IRBID","Boys","WFP","   Urban areas - ","Indirect appeal","None - Fund direct from Donors","Yes","1","1707",34279,"# boys","Irbid Governorate","North","Host Community"
"6332","FOOD/LIVELIHOOD","29/2/2016","Improve Food Access","[REF 1.1.1]Food Assistance","food assistance","# of BOYS_IN_HOST_COMMUNITY receiving food assistance","IRBID","Boys","WFP","   Urban areas - ","Indirect appeal","None - Fund direct from Donors","Yes","1","1707",34243,"# boys","Irbid Governorate","North","Host Community"
"6334","FOOD/LIVELIHOOD","29/2/2016","Improve Food Access","[REF 1.1.1]Food Assistance","food assistance","# of WOMEN_IN_HOST_COMMUNITY receiving food assistance","IRBID","Men","WFP","   Urban areas - ","Indirect appeal","None - Fund direct from Donors","Yes","1","1707",29062,"# women","Irbid Governorate","North","Host Community"
"6651","FOOD/LIVELIHOOD","31/1/2016","Improve Food Access","[REF 1.1.1]Food Assistance","food assistance","# of WOMEN_IN_HOST_COMMUNITY receiving food assistance","IRBID","Men","WFP","   Urban areas - ","Indirect appeal","None - Fund direct from Donors","Yes","1","1707",29092,"# women","Irbid Governorate","North","Host Community"
"6812","FOOD/LIVELIHOOD","31/1/2016","Improve Food Access","[REF 1.1.1]Food Assistance","food assistance","# of BOYS_IN_HOST_COMMUNITY receiving food assistance","JARASH","Boys","WFP","   Urban areas - ","Indirect appeal","None - Fund direct from Donors","Yes","1","1708",2599,"# boys","Jarash Governorate","North","Host Community"
"6822","FOOD/LIVELIHOOD","31/1/2016","Improve Food Access","[REF 1.1.1]Food Assistance","food assistance","# of WOMEN_IN_HOST_COMMUNITY receiving food assistance","JARASH","Men","WFP","   Urban areas - ","Indirect appeal","None - Fund direct from Donors","Yes","1","1708",2223,"# women","Jarash Governorate","North","Host Community"
"7225","FOOD/LIVELIHOOD","29/2/2016","Improve Food Access","[REF 1.1.1]Food Assistance","food assistance","# of BOYS_IN_HOST_COMMUNITY receiving food assistance","JARASH","Boys","WFP","   Urban areas - ","Indirect appeal","None - Fund direct from Donors","Yes","1","1708",2600,"# boys","Jarash Governorate","North","Host Community"
"7233","FOOD/LIVELIHOOD","29/2/2016","Improve Food Access","[REF 1.1.1]Food Assistance","food assistance","# of WOMEN_IN_HOST_COMMUNITY receiving food assistance","JARASH","Men","WFP","   Urban areas - ","Indirect appeal","None - Fund direct from Donors","Yes","1","1708",2224,"# women","Jarash Governorate","North","Host Community"
"7260","FOOD/LIVELIHOOD","31/1/2016","Improve Food Access","[REF 1.1.1]Food Assistance","food assistance","# of WOMEN_IN_HOST_COMMUNITY receiving food assistance","KARAK","Men","WFP","   Urban areas - ","Indirect appeal","None - Fund direct from Donors","Yes","3","1704",1814,"# women","Karak Governorate","South","Host Community"
"7297","FOOD/LIVELIHOOD","31/1/2016","Improve Food Access","[REF 1.1.1]Food Assistance","food assistance","# of BOYS_IN_HOST_COMMUNITY receiving food assistance","KARAK","Boys","WFP","   Urban areas - ","Indirect appeal","None - Fund direct from Donors","Yes","3","1704",2217,"# boys","Karak Governorate","South","Host Community"
"7600","FOOD/LIVELIHOOD","29/2/2016","Improve Food Access","[REF 1.1.1]Food Assistance","food assistance","# of WOMEN_IN_HOST_COMMUNITY receiving food assistance","KARAK","Men","WFP","   Urban areas - ","Indirect appeal","None - Fund direct from Donors","Yes","3","1704",1797,"# women","Karak Governorate","South","Host Community"
"7748","FOOD/LIVELIHOOD","29/2/2016","Improve Food Access","[REF 1.1.1]Food Assistance","food assistance","# of BOYS_IN_HOST_COMMUNITY receiving food assistance","KARAK","Boys","WFP","   Urban areas - ","Indirect appeal","None - Fund direct from Donors","Yes","3","1704",2196,"# boys","Karak Governorate","South","Host Community"
"8980","FOOD/LIVELIHOOD","29/2/2016","Improve Food Access","[REF 1.1.1]Food Assistance","food assistance","# of WOMEN_IN_HOST_COMMUNITY receiving food assistance","MAFRAQ","Men","IOCC","     - ","Indirect appeal","None - Fund direct from Donors","Yes","1","1711",0,"# women","Liwa Qasabat al Mafraq","North","Host Community"
"9062","FOOD/LIVELIHOOD","29/2/2016","Improve Food Access","[REF 1.1.1]Food Assistance","food assistance","# of BOYS_IN_HOST_COMMUNITY receiving food assistance","MAFRAQ","Boys","IOCC","     - ","Indirect appeal","None - Fund direct from Donors","Yes","1","1711",0,"# boys","Liwa Qasabat al Mafraq","North","Host Community"
"2558","FOOD/LIVELIHOOD","29/2/2016","Improve Food Access","[REF 1.1.1]Food Assistance","food assistance","# of WOMEN_IN_HOST_COMMUNITY receiving food assistance","AMMAN","Men","IOCC","   Urban areas - ","Indirect appeal","None - Fund direct from Donors","Yes","2","1705",0,"# women","Liwa Qasabat Amman","Center","Host Community"
"2672","FOOD/LIVELIHOOD","29/2/2016","Improve Food Access","[REF 1.1.1]Food Assistance","food assistance","# of BOYS_IN_HOST_COMMUNITY receiving food assistance","AMMAN","Boys","IOCC","   Urban areas - ","Indirect appeal","None - Fund direct from Donors","Yes","2","1705",0,"# boys","Liwa Qasabat Amman","Center","Host Community"
"7937","FOOD/LIVELIHOOD","31/1/2016","Improve Food Access","[REF 1.1.1]Food Assistance","food assistance","# of BOYS_IN_HOST_COMMUNITY receiving food assistance","MAAN","Boys","WFP","   Urban areas - ","Indirect appeal","None - Fund direct from Donors","Yes","3","1709",1773,"# boys","Maan Governorate","South","Host Community"
"8291","FOOD/LIVELIHOOD","29/2/2016","Improve Food Access","[REF 1.1.1]Food Assistance","food assistance","# of WOMEN_IN_HOST_COMMUNITY receiving food assistance","MAAN","Men","WFP","   Urban areas - ","Indirect appeal","None - Fund direct from Donors","Yes","3","1709",1482,"# women","Maan Governorate","South","Host Community"
"8342","FOOD/LIVELIHOOD","31/1/2016","Improve Food Access","[REF 1.1.1]Food Assistance","food assistance","# of WOMEN_IN_HOST_COMMUNITY receiving food assistance","MAAN","Men","WFP","   Urban areas - ","Indirect appeal","None - Fund direct from Donors","Yes","3","1709",1464,"# women","Maan Governorate","South","Host Community"
"8397","FOOD/LIVELIHOOD","29/2/2016","Improve Food Access","[REF 1.1.1]Food Assistance","food assistance","# of BOYS_IN_HOST_COMMUNITY receiving food assistance","MAAN","Boys","WFP","   Urban areas - ","Indirect appeal","None - Fund direct from Donors","Yes","3","1709",1796,"# boys","Maan Governorate","South","Host Community"
"8442","FOOD/LIVELIHOOD","29/2/2016","Improve Food Access","[REF 1.1.1]Food Assistance","food assistance","# of BOYS_IN_HOST_COMMUNITY receiving food assistance","MADABA","Boys","WFP","   Urban areas - ","Indirect appeal","None - Fund direct from Donors","Yes","2","1710",2887,"# boys","Madaba Governorate","Center","Host Community"
"8444","FOOD/LIVELIHOOD","31/1/2016","Improve Food Access","[REF 1.1.1]Food Assistance","food assistance","# of BOYS_IN_HOST_COMMUNITY receiving food assistance","MADABA","Boys","WFP","   Urban areas - ","Indirect appeal","None - Fund direct from Donors","Yes","2","1710",2911,"# boys","Madaba Governorate","Center","Host Community"
"8452","FOOD/LIVELIHOOD","29/2/2016","Improve Food Access","[REF 1.1.1]Food Assistance","food assistance","# of WOMEN_IN_HOST_COMMUNITY receiving food assistance","MADABA","Men","WFP","   Urban areas - ","Indirect appeal","None - Fund direct from Donors","Yes","2","1710",2324,"# women","Madaba Governorate","Center","Host Community"
"8479","FOOD/LIVELIHOOD","31/1/2016","Improve Food Access","[REF 1.1.1]Food Assistance","food assistance","# of WOMEN_IN_HOST_COMMUNITY receiving food assistance","MADABA","Men","WFP","   Urban areas - ","Indirect appeal","None - Fund direct from Donors","Yes","2","1710",2343,"# women","Madaba Governorate","Center","Host Community"
"10482","FOOD/LIVELIHOOD","31/1/2016","Improve Food Access","[REF 1.1.1]Food Assistance","food assistance","# of WOMEN_IN_HOST_COMMUNITY receiving food assistance","MAFRAQ","Men","WFP","   Urban areas - ","Indirect appeal","None - Fund direct from Donors","Yes","1","1711",16497,"# women","Mafraq Governorate","North","Host Community"
"10736","FOOD/LIVELIHOOD","29/2/2016","Improve Food Access","[REF 1.1.1]Food Assistance","food assistance","# of WOMEN_IN_HOST_COMMUNITY receiving food assistance","MAFRAQ","Men","WFP","   Urban areas - ","Indirect appeal","None - Fund direct from Donors","Yes","1","1711",16558,"# women","Mafraq Governorate","North","Host Community"
"11048","FOOD/LIVELIHOOD","31/1/2016","Improve Food Access","[REF 1.1.1]Food Assistance","food assistance","# of BOYS_IN_HOST_COMMUNITY receiving food assistance","MAFRAQ","Boys","WFP","   Urban areas - ","Indirect appeal","None - Fund direct from Donors","Yes","1","1711",20494,"# boys","Mafraq Governorate","North","Host Community"
"11217","FOOD/LIVELIHOOD","29/2/2016","Improve Food Access","[REF 1.1.1]Food Assistance","food assistance","# of BOYS_IN_HOST_COMMUNITY receiving food assistance","MAFRAQ","Boys","WFP","   Urban areas - ","Indirect appeal","None - Fund direct from Donors","Yes","1","1711",20571,"# boys","Mafraq Governorate","North","Host Community"
"11254","FOOD/LIVELIHOOD","29/2/2016","Improve Food Access","[REF 1.1.1]Food Assistance","food assistance","# of WOMEN_IN_HOST_COMMUNITY receiving food assistance","TAFILAH","Men","WFP","   Urban areas - ","Indirect appeal","None - Fund direct from Donors","Yes","3","1706",276,"# women","Tafileh Governorate","South","Host Community"
"11273","FOOD/LIVELIHOOD","31/1/2016","Improve Food Access","[REF 1.1.1]Food Assistance","food assistance","# of WOMEN_IN_HOST_COMMUNITY receiving food assistance","TAFILAH","Men","WFP","   Urban areas - ","Indirect appeal","None - Fund direct from Donors","Yes","3","1706",284,"# women","Tafileh Governorate","South","Host Community"
"11275","FOOD/LIVELIHOOD","31/1/2016","Improve Food Access","[REF 1.1.1]Food Assistance","food assistance","# of BOYS_IN_HOST_COMMUNITY receiving food assistance","TAFILAH","Boys","WFP","   Urban areas - ","Indirect appeal","None - Fund direct from Donors","Yes","3","1706",362,"# boys","Tafileh Governorate","South","Host Community"
"11331","FOOD/LIVELIHOOD","29/2/2016","Improve Food Access","[REF 1.1.1]Food Assistance","food assistance","# of BOYS_IN_HOST_COMMUNITY receiving food assistance","TAFILAH","Boys","WFP","   Urban areas - ","Indirect appeal","None - Fund direct from Donors","Yes","3","1706",352,"# boys","Tafileh Governorate","South","Host Community"
"11613","FOOD/LIVELIHOOD","31/1/2016","Improve Food Access","[REF 1.1.1]Food Assistance","food assistance","# of BOYS_IN_HOST_COMMUNITY receiving food assistance","ZARQA","Boys","WFP","   Urban areas - ","Indirect appeal","None - Fund direct from Donors","Yes","1","1712",11443,"# boys","Zarqa Governorate","North","Host Community"
"11633","FOOD/LIVELIHOOD","29/2/2016","Improve Food Access","[REF 1.1.1]Food Assistance","food assistance","# of BOYS_IN_HOST_COMMUNITY receiving food assistance","ZARQA","Boys","WFP","   Urban areas - ","Indirect appeal","None - Fund direct from Donors","Yes","1","1712",11385,"# boys","Zarqa Governorate","North","Host Community"
"11883","FOOD/LIVELIHOOD","29/2/2016","Improve Food Access","[REF 1.1.1]Food Assistance","food assistance","# of WOMEN_IN_HOST_COMMUNITY receiving food assistance","ZARQA","Men","WFP","   Urban areas - ","Indirect appeal","None - Fund direct from Donors","Yes","1","1712",9973,"# women","Zarqa Governorate","North","Host Community"
"12134","FOOD/LIVELIHOOD","31/1/2016","Improve Food Access","[REF 1.1.1]Food Assistance","food assistance","# of WOMEN_IN_HOST_COMMUNITY receiving food assistance","ZARQA","Men","WFP","   Urban areas - ","Indirect appeal","None - Fund direct from Donors","Yes","1","1712",10024,"# women","Zarqa Governorate","North","Host Community"
"12938","FOOD/LIVELIHOOD","31/1/2016","Improve Food Access","[REF 1.1.1]Food Assistance","g food assistance","# of SYRIAN_GIRLS_IN_CAMPS  receiving food assistance","AZRAQCAMP","Girls","WFP","Camp    - ","Indirect appeal","None - Fund direct from Donors","Yes","1","1712",4063,"# girls","Azraq Camp","North","Camp"
"4126","FOOD/LIVELIHOOD","31/1/2016","Improve Food Access","[REF 1.1.1]Food Assistance","g food assistance","# of SYRIAN_GIRLS_IN_CAMPS  receiving food assistance","IRBID","Girls","WFP","Camp    - ","Indirect appeal","None - Fund direct from Donors","Yes","1","1707",72,"# girls","Cyber City Refugee Center","North","Camp"
"4227","FOOD/LIVELIHOOD","29/2/2016","Improve Food Access","[REF 1.1.1]Food Assistance","g food assistance","# of SYRIAN_GIRLS_IN_CAMPS  receiving food assistance","IRBID","Girls","WFP","Camp    - ","Indirect appeal","None - Fund direct from Donors","Yes","1","1707",72,"# girls","Cyber City Refugee Center","North","Camp"
"4814","FOOD/LIVELIHOOD","31/1/2016","Improve Food Access","[REF 1.1.1]Food Assistance","g food assistance","# of SYRIAN_GIRLS_IN_CAMPS  receiving food assistance","IRBID","Girls","WFP","Camp    - ","Indirect appeal","None - Fund direct from Donors","Yes","1","1707",162,"# girls","King Abdullah Park Refugee Center","North","Camp"
"5880","FOOD/LIVELIHOOD","29/2/2016","Improve Food Access","[REF 1.1.1]Food Assistance","g food assistance","# of SYRIAN_GIRLS_IN_CAMPS  receiving food assistance","IRBID","Girls","WFP","Camp    - ","Indirect appeal","None - Fund direct from Donors","Yes","1","1707",162,"# girls","King Abdullah Park Refugee Center","North","Camp"
"9058","FOOD/LIVELIHOOD","29/2/2016","Improve Food Access","[REF 1.1.1]Food Assistance","g food assistance","# of SYRIAN_GIRLS_IN_CAMPS  receiving food assistance","MAFRAQ","Girls","IOCC","     - ","Indirect appeal","None - Fund direct from Donors","Yes","1","1711",0,"# girls","Liwa Qasabat al Mafraq","North","Camp"
"1836","FOOD/LIVELIHOOD","29/2/2016","Improve Food Access","[REF 1.1.1]Food Assistance","g food assistance","# of SYRIAN_GIRLS_IN_CAMPS  receiving food assistance","AMMAN","Girls","IOCC","   Urban areas - ","Indirect appeal","None - Fund direct from Donors","Yes","2","1705",0,"# girls","Liwa Qasabat Amman","Center","Camp"
"9843","FOOD/LIVELIHOOD","31/1/2016","Improve Food Access","[REF 1.1.1]Food Assistance","g food assistance","# of SYRIAN_GIRLS_IN_CAMPS  receiving food assistance","ZAATARICAMP","Girls","WFP","Camp    - ","Indirect appeal","None - Fund direct from Donors","Yes","1","1711",20867,"# girls","Zaatari Camp (all district)","North","Camp"
"10814","FOOD/LIVELIHOOD","29/2/2016","Improve Food Access","[REF 1.1.1]Food Assistance","g food assistance","# of SYRIAN_GIRLS_IN_CAMPS  receiving food assistance","ZAATARICAMP","Girls","WFP","Camp    - ","Indirect appeal","None - Fund direct from Donors","Yes","1","1711",21000,"# girls","Zaatari Camp (all district)","North","Camp"
"9071","FOOD/LIVELIHOOD","29/2/2016","Improve Food Access","[REF 1.1.1]Food Assistance","ing food assistance","#  of SYRIAN_MEN_IN_URBAN receiving food assistance","MAFRAQ","Men","IOCC","     - ","Indirect appeal","None - Fund direct from Donors","Yes","1","1711",144,"# men","Liwa Qasabat al Mafraq","North","Urban"
"2570","FOOD/LIVELIHOOD","29/2/2016","Improve Food Access","[REF 1.1.1]Food Assistance","ing food assistance","#  of SYRIAN_MEN_IN_URBAN receiving food assistance","AMMAN","Men","IOCC","   Urban areas - ","Indirect appeal","None - Fund direct from Donors","Yes","2","1705",378,"# men","Liwa Qasabat Amman","Center","Urban"
"331","FOOD/LIVELIHOOD","31/1/2016","Improve Food Access","[REF 1.1.1]Food Assistance","NITY receiving food assistance","# of GIRLS_IN_HOST_COMMUNITY receiving food assistance","AJLOUN","Girls","WFP","   Urban areas - ","Indirect appeal","None - Fund direct from Donors","Yes","1","1701",3221,"# girls","Ajlun Governorate","North","Host Community"
"506","FOOD/LIVELIHOOD","29/2/2016","Improve Food Access","[REF 1.1.1]Food Assistance","NITY receiving food assistance","# of GIRLS_IN_HOST_COMMUNITY receiving food assistance","AJLOUN","Girls","WFP","   Urban areas - ","Indirect appeal","None - Fund direct from Donors","Yes","1","1701",3182,"# girls","Ajlun Governorate","North","Host Community"
"985","FOOD/LIVELIHOOD","29/2/2016","Improve Food Access","[REF 1.1.1]Food Assistance","NITY receiving food assistance","# of GIRLS_IN_HOST_COMMUNITY receiving food assistance","BALQA","Girls","WFP","   Urban areas - ","Indirect appeal","None - Fund direct from Donors","Yes","2","1702",4485,"# girls","Al Balqa Governorate","Center","Host Community"
"1019","FOOD/LIVELIHOOD","31/1/2016","Improve Food Access","[REF 1.1.1]Food Assistance","NITY receiving food assistance","# of GIRLS_IN_HOST_COMMUNITY receiving food assistance","BALQA","Girls","WFP","   Urban areas - ","Indirect appeal","None - Fund direct from Donors","Yes","2","1702",4451,"# girls","Al Balqa Governorate","Center","Host Community"
"1975","FOOD/LIVELIHOOD","31/1/2016","Improve Food Access","[REF 1.1.1]Food Assistance","NITY receiving food assistance","# of GIRLS_IN_HOST_COMMUNITY receiving food assistance","AMMAN","Girls","WFP","   Urban areas - ","Indirect appeal","None - Fund direct from Donors","Yes","2","1705",35640,"# girls","Amman Governorate","Center","Host Community"
"2823","FOOD/LIVELIHOOD","29/2/2016","Improve Food Access","[REF 1.1.1]Food Assistance","NITY receiving food assistance","# of GIRLS_IN_HOST_COMMUNITY receiving food assistance","AMMAN","Girls","WFP","   Urban areas - ","Indirect appeal","None - Fund direct from Donors","Yes","2","1705",35709,"# girls","Amman Governorate","Center","Host Community"
"3773","FOOD/LIVELIHOOD","31/1/2016","Improve Food Access","[REF 1.1.1]Food Assistance","NITY receiving food assistance","# of GIRLS_IN_HOST_COMMUNITY receiving food assistance","AQABAH","Girls","WFP","   Urban areas - ","Indirect appeal","None - Fund direct from Donors","Yes","3","1703",627,"# girls","Aqaba Governorate","South","Host Community"
"4014","FOOD/LIVELIHOOD","29/2/2016","Improve Food Access","[REF 1.1.1]Food Assistance","NITY receiving food assistance","# of GIRLS_IN_HOST_COMMUNITY receiving food assistance","AQABAH","Girls","WFP","   Urban areas - ","Indirect appeal","None - Fund direct from Donors","Yes","3","1703",622,"# girls","Aqaba Governorate","South","Host Community"
"4549","FOOD/LIVELIHOOD","29/2/2016","Improve Food Access","[REF 1.1.1]Food Assistance","NITY receiving food assistance","# of GIRLS_IN_HOST_COMMUNITY receiving food assistance","IRBID","Girls","WFP","   Urban areas - ","Indirect appeal","None - Fund direct from Donors","Yes","1","1707",32566,"# girls","Irbid Governorate","North","Host Community"
"5510","FOOD/LIVELIHOOD","31/1/2016","Improve Food Access","[REF 1.1.1]Food Assistance","NITY receiving food assistance","# of GIRLS_IN_HOST_COMMUNITY receiving food assistance","IRBID","Girls","WFP","   Urban areas - ","Indirect appeal","None - Fund direct from Donors","Yes","1","1707",32600,"# girls","Irbid Governorate","North","Host Community"
"6839","FOOD/LIVELIHOOD","31/1/2016","Improve Food Access","[REF 1.1.1]Food Assistance","NITY receiving food assistance","# of GIRLS_IN_HOST_COMMUNITY receiving food assistance","JARASH","Girls","WFP","   Urban areas - ","Indirect appeal","None - Fund direct from Donors","Yes","1","1708",2494,"# girls","Jarash Governorate","North","Host Community"
"7234","FOOD/LIVELIHOOD","29/2/2016","Improve Food Access","[REF 1.1.1]Food Assistance","NITY receiving food assistance","# of GIRLS_IN_HOST_COMMUNITY receiving food assistance","JARASH","Girls","WFP","   Urban areas - ","Indirect appeal","None - Fund direct from Donors","Yes","1","1708",2497,"# girls","Jarash Governorate","North","Host Community"
"7538","FOOD/LIVELIHOOD","29/2/2016","Improve Food Access","[REF 1.1.1]Food Assistance","NITY receiving food assistance","# of GIRLS_IN_HOST_COMMUNITY receiving food assistance","KARAK","Girls","WFP","   Urban areas - ","Indirect appeal","None - Fund direct from Donors","Yes","3","1704",2076,"# girls","Karak Governorate","South","Host Community"
"7559","FOOD/LIVELIHOOD","31/1/2016","Improve Food Access","[REF 1.1.1]Food Assistance","NITY receiving food assistance","# of GIRLS_IN_HOST_COMMUNITY receiving food assistance","KARAK","Girls","WFP","   Urban areas - ","Indirect appeal","None - Fund direct from Donors","Yes","3","1704",2096,"# girls","Karak Governorate","South","Host Community"
"9065","FOOD/LIVELIHOOD","29/2/2016","Improve Food Access","[REF 1.1.1]Food Assistance","NITY receiving food assistance","# of GIRLS_IN_HOST_COMMUNITY receiving food assistance","MAFRAQ","Girls","IOCC","     - ","Indirect appeal","None - Fund direct from Donors","Yes","1","1711",0,"# girls","Liwa Qasabat al Mafraq","North","Host Community"
"2544","FOOD/LIVELIHOOD","29/2/2016","Improve Food Access","[REF 1.1.1]Food Assistance","NITY receiving food assistance","# of GIRLS_IN_HOST_COMMUNITY receiving food assistance","AMMAN","Girls","IOCC","   Urban areas - ","Indirect appeal","None - Fund direct from Donors","Yes","2","1705",0,"# girls","Liwa Qasabat Amman","Center","Host Community"
"8043","FOOD/LIVELIHOOD","31/1/2016","Improve Food Access","[REF 1.1.1]Food Assistance","NITY receiving food assistance","# of GIRLS_IN_HOST_COMMUNITY receiving food assistance","MAAN","Girls","WFP","   Urban areas - ","Indirect appeal","None - Fund direct from Donors","Yes","3","1709",1739,"# girls","Maan Governorate","South","Host Community"
"8395","FOOD/LIVELIHOOD","29/2/2016","Improve Food Access","[REF 1.1.1]Food Assistance","NITY receiving food assistance","# of GIRLS_IN_HOST_COMMUNITY receiving food assistance","MAAN","Girls","WFP","   Urban areas - ","Indirect appeal","None - Fund direct from Donors","Yes","3","1709",1762,"# girls","Maan Governorate","South","Host Community"
"8567","FOOD/LIVELIHOOD","31/1/2016","Improve Food Access","[REF 1.1.1]Food Assistance","NITY receiving food assistance","# of GIRLS_IN_HOST_COMMUNITY receiving food assistance","MADABA","Girls","WFP","   Urban areas - ","Indirect appeal","None - Fund direct from Donors","Yes","2","1710",2749,"# girls","Madaba Governorate","Center","Host Community"
"8675","FOOD/LIVELIHOOD","29/2/2016","Improve Food Access","[REF 1.1.1]Food Assistance","NITY receiving food assistance","# of GIRLS_IN_HOST_COMMUNITY receiving food assistance","MADABA","Girls","WFP","   Urban areas - ","Indirect appeal","None - Fund direct from Donors","Yes","2","1710",2727,"# girls","Madaba Governorate","Center","Host Community"
"9913","FOOD/LIVELIHOOD","31/1/2016","Improve Food Access","[REF 1.1.1]Food Assistance","NITY receiving food assistance","# of GIRLS_IN_HOST_COMMUNITY receiving food assistance","MAFRAQ","Girls","WFP","   Urban areas - ","Indirect appeal","None - Fund direct from Donors","Yes","1","1711",19427,"# girls","Mafraq Governorate","North","Host Community"
"10574","FOOD/LIVELIHOOD","29/2/2016","Improve Food Access","[REF 1.1.1]Food Assistance","NITY receiving food assistance","# of GIRLS_IN_HOST_COMMUNITY receiving food assistance","MAFRAQ","Girls","WFP","   Urban areas - ","Indirect appeal","None - Fund direct from Donors","Yes","1","1711",19501,"# girls","Mafraq Governorate","North","Host Community"
"11265","FOOD/LIVELIHOOD","31/1/2016","Improve Food Access","[REF 1.1.1]Food Assistance","NITY receiving food assistance","# of GIRLS_IN_HOST_COMMUNITY receiving food assistance","TAFILAH","Girls","WFP","   Urban areas - ","Indirect appeal","None - Fund direct from Donors","Yes","3","1706",348,"# girls","Tafileh Governorate","South","Host Community"
"11303","FOOD/LIVELIHOOD","29/2/2016","Improve Food Access","[REF 1.1.1]Food Assistance","NITY receiving food assistance","# of GIRLS_IN_HOST_COMMUNITY receiving food assistance","TAFILAH","Girls","WFP","   Urban areas - ","Indirect appeal","None - Fund direct from Donors","Yes","3","1706",338,"# girls","Tafileh Governorate","South","Host Community"
"11476","FOOD/LIVELIHOOD","29/2/2016","Improve Food Access","[REF 1.1.1]Food Assistance","NITY receiving food assistance","# of GIRLS_IN_HOST_COMMUNITY receiving food assistance","ZARQA","Girls","WFP","   Urban areas - ","Indirect appeal","None - Fund direct from Donors","Yes","1","1712",10759,"# girls","Zarqa Governorate","North","Host Community"
"12743","FOOD/LIVELIHOOD","31/1/2016","Improve Food Access","[REF 1.1.1]Food Assistance","NITY receiving food assistance","# of GIRLS_IN_HOST_COMMUNITY receiving food assistance","ZARQA","Girls","WFP","   Urban areas - ","Indirect appeal","None - Fund direct from Donors","Yes","1","1712",10814,"# girls","Zarqa Governorate","North","Host Community"
"9344","FOOD/LIVELIHOOD","29/2/2016","Improve Food Access","[REF 1.1.1]Food Assistance","NITY with acceptable food consumption","% of GIRLS_IN_HOST_COMMUNITY with acceptable food consumption","MAFRAQ","Girls","IOCC","     - ","Indirect appeal","None - Fund direct from Donors","Yes","1","1711",0,"%","Liwa Qasabat al Mafraq","North","Host Community"
"148","FOOD/LIVELIHOOD","31/1/2016","Improve Food Access","[REF 1.1.1]Food Assistance","ood assistance","#  of MEN_IN_HOST_COMMUNITYreceiving food assistance","AJLOUN","Men","WFP","   Urban areas - ","Indirect appeal","None - Fund direct from Donors","Yes","1","1701",1860,"# men","Ajlun Governorate","North","Host Community"
"581","FOOD/LIVELIHOOD","29/2/2016","Improve Food Access","[REF 1.1.1]Food Assistance","ood assistance","#  of MEN_IN_HOST_COMMUNITYreceiving food assistance","AJLOUN","Men","WFP","   Urban areas - ","Indirect appeal","None - Fund direct from Donors","Yes","1","1701",1838,"# men","Ajlun Governorate","North","Host Community"
"1023","FOOD/LIVELIHOOD","31/1/2016","Improve Food Access","[REF 1.1.1]Food Assistance","ood assistance","#  of MEN_IN_HOST_COMMUNITYreceiving food assistance","BALQA","Men","WFP","   Urban areas - ","Indirect appeal","None - Fund direct from Donors","Yes","2","1702",3829,"# men","Al Balqa Governorate","Center","Host Community"
"1497","FOOD/LIVELIHOOD","29/2/2016","Improve Food Access","[REF 1.1.1]Food Assistance","ood assistance","#  of MEN_IN_HOST_COMMUNITYreceiving food assistance","BALQA","Men","WFP","   Urban areas - ","Indirect appeal","None - Fund direct from Donors","Yes","2","1702",3859,"# men","Al Balqa Governorate","Center","Host Community"
"2748","FOOD/LIVELIHOOD","31/1/2016","Improve Food Access","[REF 1.1.1]Food Assistance","ood assistance","#  of MEN_IN_HOST_COMMUNITYreceiving food assistance","AMMAN","Men","WFP","   Urban areas - ","Indirect appeal","None - Fund direct from Donors","Yes","2","1705",30662,"# men","Amman Governorate","Center","Host Community"
"2821","FOOD/LIVELIHOOD","29/2/2016","Improve Food Access","[REF 1.1.1]Food Assistance","ood assistance","#  of MEN_IN_HOST_COMMUNITYreceiving food assistance","AMMAN","Men","WFP","   Urban areas - ","Indirect appeal","None - Fund direct from Donors","Yes","2","1705",30722,"# men","Amman Governorate","Center","Host Community"
"3781","FOOD/LIVELIHOOD","31/1/2016","Improve Food Access","[REF 1.1.1]Food Assistance","ood assistance","#  of MEN_IN_HOST_COMMUNITYreceiving food assistance","AQABAH","Men","WFP","   Urban areas - ","Indirect appeal","None - Fund direct from Donors","Yes","3","1703",613,"# men","Aqaba Governorate","South","Host Community"
"3894","FOOD/LIVELIHOOD","29/2/2016","Improve Food Access","[REF 1.1.1]Food Assistance","ood assistance","#  of MEN_IN_HOST_COMMUNITYreceiving food assistance","AQABAH","Men","WFP","   Urban areas - ","Indirect appeal","None - Fund direct from Donors","Yes","3","1703",608,"# men","Aqaba Governorate","South","Host Community"
"6031","FOOD/LIVELIHOOD","31/1/2016","Improve Food Access","[REF 1.1.1]Food Assistance","ood assistance","#  of MEN_IN_HOST_COMMUNITYreceiving food assistance","IRBID","Men","WFP","   Urban areas - ","Indirect appeal","None - Fund direct from Donors","Yes","1","1707",20584,"# men","Irbid Governorate","North","Host Community"
"6169","FOOD/LIVELIHOOD","29/2/2016","Improve Food Access","[REF 1.1.1]Food Assistance","ood assistance","#  of MEN_IN_HOST_COMMUNITYreceiving food assistance","IRBID","Men","WFP","   Urban areas - ","Indirect appeal","None - Fund direct from Donors","Yes","1","1707",20562,"# men","Irbid Governorate","North","Host Community"
"7146","FOOD/LIVELIHOOD","31/1/2016","Improve Food Access","[REF 1.1.1]Food Assistance","ood assistance","#  of MEN_IN_HOST_COMMUNITYreceiving food assistance","JARASH","Men","WFP","   Urban areas - ","Indirect appeal","None - Fund direct from Donors","Yes","1","1708",1629,"# men","Jarash Governorate","North","Host Community"
"7194","FOOD/LIVELIHOOD","29/2/2016","Improve Food Access","[REF 1.1.1]Food Assistance","ood assistance","#  of MEN_IN_HOST_COMMUNITYreceiving food assistance","JARASH","Men","WFP","   Urban areas - ","Indirect appeal","None - Fund direct from Donors","Yes","1","1708",1629,"# men","Jarash Governorate","North","Host Community"
"7270","FOOD/LIVELIHOOD","29/2/2016","Improve Food Access","[REF 1.1.1]Food Assistance","ood assistance","#  of MEN_IN_HOST_COMMUNITYreceiving food assistance","KARAK","Men","WFP","   Urban areas - ","Indirect appeal","None - Fund direct from Donors","Yes","3","1704",1570,"# men","Karak Governorate","South","Host Community"
"7817","FOOD/LIVELIHOOD","31/1/2016","Improve Food Access","[REF 1.1.1]Food Assistance","ood assistance","#  of MEN_IN_HOST_COMMUNITYreceiving food assistance","KARAK","Men","WFP","   Urban areas - ","Indirect appeal","None - Fund direct from Donors","Yes","3","1704",1585,"# men","Karak Governorate","South","Host Community"
"9363","FOOD/LIVELIHOOD","29/2/2016","Improve Food Access","[REF 1.1.1]Food Assistance","ood assistance","#  of MEN_IN_HOST_COMMUNITYreceiving food assistance","MAFRAQ","Men","IOCC","     - ","Indirect appeal","None - Fund direct from Donors","Yes","1","1711",0,"# men","Liwa Qasabat al Mafraq","North","Host Community"
"2036","FOOD/LIVELIHOOD","29/2/2016","Improve Food Access","[REF 1.1.1]Food Assistance","ood assistance","#  of MEN_IN_HOST_COMMUNITYreceiving food assistance","AMMAN","Men","IOCC","   Urban areas - ","Indirect appeal","None - Fund direct from Donors","Yes","2","1705",0,"# men","Liwa Qasabat Amman","Center","Host Community"
"8293","FOOD/LIVELIHOOD","31/1/2016","Improve Food Access","[REF 1.1.1]Food Assistance","ood assistance","#  of MEN_IN_HOST_COMMUNITYreceiving food assistance","MAAN","Men","WFP","   Urban areas - ","Indirect appeal","None - Fund direct from Donors","Yes","3","1709",1253,"# men","Maan Governorate","South","Host Community"
"8391","FOOD/LIVELIHOOD","29/2/2016","Improve Food Access","[REF 1.1.1]Food Assistance","ood assistance","#  of MEN_IN_HOST_COMMUNITYreceiving food assistance","MAAN","Men","WFP","   Urban areas - ","Indirect appeal","None - Fund direct from Donors","Yes","3","1709",1269,"# men","Maan Governorate","South","Host Community"
"8428","FOOD/LIVELIHOOD","29/2/2016","Improve Food Access","[REF 1.1.1]Food Assistance","ood assistance","#  of MEN_IN_HOST_COMMUNITYreceiving food assistance","MADABA","Men","WFP","   Urban areas - ","Indirect appeal","None - Fund direct from Donors","Yes","2","1710",1960,"# men","Madaba Governorate","Center","Host Community"
"8685","FOOD/LIVELIHOOD","31/1/2016","Improve Food Access","[REF 1.1.1]Food Assistance","ood assistance","#  of MEN_IN_HOST_COMMUNITYreceiving food assistance","MADABA","Men","WFP","   Urban areas - ","Indirect appeal","None - Fund direct from Donors","Yes","2","1710",1976,"# men","Madaba Governorate","Center","Host Community"
"9395","FOOD/LIVELIHOOD","29/2/2016","Improve Food Access","[REF 1.1.1]Food Assistance","ood assistance","#  of MEN_IN_HOST_COMMUNITYreceiving food assistance","MAFRAQ","Men","WFP","   Urban areas - ","Indirect appeal","None - Fund direct from Donors","Yes","1","1711",12441,"# men","Mafraq Governorate","North","Host Community"
"9547","FOOD/LIVELIHOOD","31/1/2016","Improve Food Access","[REF 1.1.1]Food Assistance","ood assistance","#  of MEN_IN_HOST_COMMUNITYreceiving food assistance","MAFRAQ","Men","WFP","   Urban areas - ","Indirect appeal","None - Fund direct from Donors","Yes","1","1711",12394,"# men","Mafraq Governorate","North","Host Community"
"11235","FOOD/LIVELIHOOD","31/1/2016","Improve Food Access","[REF 1.1.1]Food Assistance","ood assistance","#  of MEN_IN_HOST_COMMUNITYreceiving food assistance","TAFILAH","Men","WFP","   Urban areas - ","Indirect appeal","None - Fund direct from Donors","Yes","3","1706",272,"# men","Tafileh Governorate","South","Host Community"
"11329","FOOD/LIVELIHOOD","29/2/2016","Improve Food Access","[REF 1.1.1]Food Assistance","ood assistance","#  of MEN_IN_HOST_COMMUNITYreceiving food assistance","TAFILAH","Men","WFP","   Urban areas - ","Indirect appeal","None - Fund direct from Donors","Yes","3","1706",264,"# men","Tafileh Governorate","South","Host Community"
"12310","FOOD/LIVELIHOOD","31/1/2016","Improve Food Access","[REF 1.1.1]Food Assistance","ood assistance","#  of MEN_IN_HOST_COMMUNITYreceiving food assistance","ZARQA","Men","WFP","   Urban areas - ","Indirect appeal","None - Fund direct from Donors","Yes","1","1712",7800,"# men","Zarqa Governorate","North","Host Community"
"13095","FOOD/LIVELIHOOD","29/2/2016","Improve Food Access","[REF 1.1.1]Food Assistance","ood assistance","#  of MEN_IN_HOST_COMMUNITYreceiving food assistance","ZARQA","Men","WFP","   Urban areas - ","Indirect appeal","None - Fund direct from Donors","Yes","1","1712",7760,"# men","Zarqa Governorate","North","Host Community"
"8792","FOOD/LIVELIHOOD","29/2/2016","Improve Food Access","[REF 1.1.1]Food Assistance","ood consumption","% of SYRIAN_BOYS_IN_URBAN with acceptable food consumption","MAFRAQ","Boys","IOCC","     - ","Indirect appeal","None - Fund direct from Donors","Yes","1","1711",0.3,"%","Liwa Qasabat al Mafraq","North","Urban"
"9003","FOOD/LIVELIHOOD","29/2/2016","Improve Food Access","[REF 1.1.1]Food Assistance","ood consumption","% of SYRIAN_BOYS_IN_CAMPS with acceptable food consumption","MAFRAQ","Boys","IOCC","     - ","Indirect appeal","None - Fund direct from Donors","Yes","1","1711",0,"%","Liwa Qasabat al Mafraq","North","Urban"
"1881","FOOD/LIVELIHOOD","29/2/2016","Improve Food Access","[REF 1.1.1]Food Assistance","ood consumption","% of SYRIAN_BOYS_IN_CAMPS with acceptable food consumption","AMMAN","Boys","IOCC","   Urban areas - ","Indirect appeal","None - Fund direct from Donors","Yes","2","1705",0,"%","Liwa Qasabat Amman","Center","Urban"
"1883","FOOD/LIVELIHOOD","29/2/2016","Improve Food Access","[REF 1.1.1]Food Assistance","ood consumption","% of SYRIAN_BOYS_IN_URBAN with acceptable food consumption","AMMAN","Boys","IOCC","   Urban areas - ","Indirect appeal","None - Fund direct from Donors","Yes","2","1705",630,"%","Liwa Qasabat Amman","Center","Urban"
"8806","FOOD/LIVELIHOOD","29/2/2016","Improve Food Access","[REF 1.1.1]Food Assistance","ptable food consumption","% of SYRIAN_WOMEN_IN_CAMPS with acceptable food consumption","MAFRAQ","Women","IOCC","     - ","Indirect appeal","None - Fund direct from Donors","Yes","1","1711",0,"%","Liwa Qasabat al Mafraq","North","Camp"
"8816","FOOD/LIVELIHOOD","29/2/2016","Improve Food Access","[REF 1.1.1]Food Assistance","ptable food consumption","% of SYRIAN_GIRLS_IN_CAMPS with acceptable food consumption","MAFRAQ","Girls","IOCC","     - ","Indirect appeal","None - Fund direct from Donors","Yes","1","1711",0,"%","Liwa Qasabat al Mafraq","North","Camp"
"1855","FOOD/LIVELIHOOD","29/2/2016","Improve Food Access","[REF 1.1.1]Food Assistance","ptable food consumption","% of SYRIAN_GIRLS_IN_CAMPS with acceptable food consumption","AMMAN","Girls","IOCC","   Urban areas - ","Indirect appeal","None - Fund direct from Donors","Yes","2","1705",0,"%","Liwa Qasabat Amman","Center","Camp"
"3536","FOOD/LIVELIHOOD","29/2/2016","Improve Food Access","[REF 1.1.1]Food Assistance","ptable food consumption","% of SYRIAN_WOMEN_IN_CAMPS with acceptable food consumption","AMMAN","Women","IOCC","   Urban areas - ","Indirect appeal","None - Fund direct from Donors","Yes","2","1705",0,"%","Liwa Qasabat Amman","Center","Camp"
"13353","FOOD/LIVELIHOOD","31/1/2016","Improve Food Access","[REF 1.1.1]Food Assistance","sistance","# of SYRIAN_BOYS_IN_CAMPS receiving food assistance","AZRAQCAMP","Boys","WFP","Camp    - ","Indirect appeal","None - Fund direct from Donors","Yes","1","1712",4373,"# boys","Azraq Camp","North","Urban"
"4221","FOOD/LIVELIHOOD","31/1/2016","Improve Food Access","[REF 1.1.1]Food Assistance","sistance","# of SYRIAN_BOYS_IN_CAMPS receiving food assistance","IRBID","Boys","WFP","Camp    - ","Indirect appeal","None - Fund direct from Donors","Yes","1","1707",76,"# boys","Cyber City Refugee Center","North","Urban"
"4524","FOOD/LIVELIHOOD","29/2/2016","Improve Food Access","[REF 1.1.1]Food Assistance","sistance","# of SYRIAN_BOYS_IN_CAMPS receiving food assistance","IRBID","Boys","WFP","Camp    - ","Indirect appeal","None - Fund direct from Donors","Yes","1","1707",76,"# boys","Cyber City Refugee Center","North","Urban"
"4810","FOOD/LIVELIHOOD","31/1/2016","Improve Food Access","[REF 1.1.1]Food Assistance","sistance","# of SYRIAN_BOYS_IN_CAMPS receiving food assistance","IRBID","Boys","WFP","Camp    - ","Indirect appeal","None - Fund direct from Donors","Yes","1","1707",171,"# boys","King Abdullah Park Refugee Center","North","Urban"
"6620","FOOD/LIVELIHOOD","29/2/2016","Improve Food Access","[REF 1.1.1]Food Assistance","sistance","# of SYRIAN_BOYS_IN_CAMPS receiving food assistance","IRBID","Boys","WFP","Camp    - ","Indirect appeal","None - Fund direct from Donors","Yes","1","1707",171,"# boys","King Abdullah Park Refugee Center","North","Urban"
"9064","FOOD/LIVELIHOOD","29/2/2016","Improve Food Access","[REF 1.1.1]Food Assistance","sistance","# of SYRIAN_BOYS_IN_CAMPS receiving food assistance","MAFRAQ","Boys","IOCC","     - ","Indirect appeal","None - Fund direct from Donors","Yes","1","1711",0,"# boys","Liwa Qasabat al Mafraq","North","Urban"
"9067","FOOD/LIVELIHOOD","29/2/2016","Improve Food Access","[REF 1.1.1]Food Assistance","sistance","# of SYRIAN_BOYS_IN_URBAN receiving food assistance","MAFRAQ","Boys","IOCC","     - ","Indirect appeal","None - Fund direct from Donors","Yes","1","1711",240,"# boys","Liwa Qasabat al Mafraq","North","Urban"
"2660","FOOD/LIVELIHOOD","29/2/2016","Improve Food Access","[REF 1.1.1]Food Assistance","sistance","# of SYRIAN_BOYS_IN_URBAN receiving food assistance","AMMAN","Boys","IOCC","   Urban areas - ","Indirect appeal","None - Fund direct from Donors","Yes","2","1705",630,"# boys","Liwa Qasabat Amman","Center","Urban"
"3012","FOOD/LIVELIHOOD","29/2/2016","Improve Food Access","[REF 1.1.1]Food Assistance","sistance","# of SYRIAN_BOYS_IN_CAMPS receiving food assistance","AMMAN","Boys","IOCC","   Urban areas - ","Indirect appeal","None - Fund direct from Donors","Yes","2","1705",0,"# boys","Liwa Qasabat Amman","Center","Urban"
"9623","FOOD/LIVELIHOOD","29/2/2016","Improve Food Access","[REF 1.1.1]Food Assistance","sistance","# of SYRIAN_BOYS_IN_CAMPS receiving food assistance","ZAATARICAMP","Boys","WFP","Camp    - ","Indirect appeal","None - Fund direct from Donors","Yes","1","1711",22371,"# boys","Zaatari Camp (all district)","North","Urban"
"9873","FOOD/LIVELIHOOD","31/1/2016","Improve Food Access","[REF 1.1.1]Food Assistance","sistance","# of SYRIAN_BOYS_IN_CAMPS receiving food assistance","ZAATARICAMP","Boys","WFP","Camp    - ","Indirect appeal","None - Fund direct from Donors","Yes","1","1711",22152,"# boys","Zaatari Camp (all district)","North","Urban"
"8924","FOOD/LIVELIHOOD","29/2/2016","Improve Food Access","[REF 1.1.1]Food Assistance","table food consumption","% of BOYS_IN_HOST_COMMUNITY with acceptable food consumption","MAFRAQ","Boys","IOCC","     - ","Indirect appeal","None - Fund direct from Donors","Yes","1","1711",0,"%","Liwa Qasabat al Mafraq","North","Host Community"
"8953","FOOD/LIVELIHOOD","29/2/2016","Improve Food Access","[REF 1.1.1]Food Assistance","table food consumption","%  of MEN_IN_HOST_COMMUNITY with acceptable food consumption","MAFRAQ","Men","IOCC","     - ","Indirect appeal","None - Fund direct from Donors","Yes","1","1711",0,"%","Liwa Qasabat al Mafraq","North","Host Community"
"10649","FOOD/LIVELIHOOD","29/2/2016","Improve Food Access","[REF 1.1.1]Food Assistance","table food consumption","% of WOMEN_IN_HOST_COMMUNITY with acceptable food consumption","MAFRAQ","Men","IOCC","     - ","Indirect appeal","None - Fund direct from Donors","Yes","1","1711",0,"%","Liwa Qasabat al Mafraq","North","Host Community"
"1880","FOOD/LIVELIHOOD","29/2/2016","Improve Food Access","[REF 1.1.1]Food Assistance","table food consumption","% of BOYS_IN_HOST_COMMUNITY with acceptable food consumption","AMMAN","Boys","IOCC","   Urban areas - ","Indirect appeal","None - Fund direct from Donors","Yes","2","1705",0,"%","Liwa Qasabat Amman","Center","Host Community"
"2572","FOOD/LIVELIHOOD","29/2/2016","Improve Food Access","[REF 1.1.1]Food Assistance","table food consumption","%  of MEN_IN_HOST_COMMUNITY with acceptable food consumption","AMMAN","Men","IOCC","   Urban areas - ","Indirect appeal","None - Fund direct from Donors","Yes","2","1705",0,"%","Liwa Qasabat Amman","Center","Host Community"
"2581","FOOD/LIVELIHOOD","29/2/2016","Improve Food Access","[REF 1.1.1]Food Assistance","table food consumption","% of WOMEN_IN_HOST_COMMUNITY with acceptable food consumption","AMMAN","Men","IOCC","   Urban areas - ","Indirect appeal","None - Fund direct from Donors","Yes","2","1705",0,"%","Liwa Qasabat Amman","Center","Host Community"
"13333","FOOD/LIVELIHOOD","31/1/2016","Improve Food Access","[REF 1.1.1]Food Assistance","ving food assistance","# of SYRIAN_MEN_IN_CAMPS receiving food assistance","AZRAQCAMP","Men","WFP","Camp    - ","Indirect appeal","None - Fund direct from Donors","Yes","1","1712",3335,"# men","Azraq Camp","North","Camp"
"4070","FOOD/LIVELIHOOD","31/1/2016","Improve Food Access","[REF 1.1.1]Food Assistance","ving food assistance","# of SYRIAN_MEN_IN_CAMPS receiving food assistance","IRBID","Men","WFP","Camp    - ","Indirect appeal","None - Fund direct from Donors","Yes","1","1707",65,"# men","Cyber City Refugee Center","North","Camp"
"4510","FOOD/LIVELIHOOD","29/2/2016","Improve Food Access","[REF 1.1.1]Food Assistance","ving food assistance","# of SYRIAN_MEN_IN_CAMPS receiving food assistance","IRBID","Men","WFP","Camp    - ","Indirect appeal","None - Fund direct from Donors","Yes","1","1707",66,"# men","Cyber City Refugee Center","North","Camp"
"4824","FOOD/LIVELIHOOD","31/1/2016","Improve Food Access","[REF 1.1.1]Food Assistance","ving food assistance","# of SYRIAN_MEN_IN_CAMPS receiving food assistance","IRBID","Men","WFP","Camp    - ","Indirect appeal","None - Fund direct from Donors","Yes","1","1707",147,"# men","King Abdullah Park Refugee Center","North","Camp"
"6619","FOOD/LIVELIHOOD","29/2/2016","Improve Food Access","[REF 1.1.1]Food Assistance","ving food assistance","# of SYRIAN_MEN_IN_CAMPS receiving food assistance","IRBID","Men","WFP","Camp    - ","Indirect appeal","None - Fund direct from Donors","Yes","1","1707",147,"# men","King Abdullah Park Refugee Center","North","Camp"
"9010","FOOD/LIVELIHOOD","29/2/2016","Improve Food Access","[REF 1.1.1]Food Assistance","ving food assistance","# of SYRIAN_MEN_IN_CAMPS receiving food assistance","MAFRAQ","Men","IOCC","     - ","Indirect appeal","None - Fund direct from Donors","Yes","1","1711",0,"# men","Liwa Qasabat al Mafraq","North","Camp"
"2120","FOOD/LIVELIHOOD","29/2/2016","Improve Food Access","[REF 1.1.1]Food Assistance","ving food assistance","# of SYRIAN_MEN_IN_CAMPS receiving food assistance","AMMAN","Men","IOCC","   Urban areas - ","Indirect appeal","None - Fund direct from Donors","Yes","2","1705",0,"# men","Liwa Qasabat Amman","Center","Camp"
"9641","FOOD/LIVELIHOOD","29/2/2016","Improve Food Access","[REF 1.1.1]Food Assistance","ving food assistance","# of SYRIAN_MEN_IN_CAMPS receiving food assistance","ZAATARICAMP","Men","WFP","Camp    - ","Indirect appeal","None - Fund direct from Donors","Yes","1","1711",15423,"# men","Zaatari Camp (all district)","North","Camp"
"9881","FOOD/LIVELIHOOD","31/1/2016","Improve Food Access","[REF 1.1.1]Food Assistance","ving food assistance","# of SYRIAN_MEN_IN_CAMPS receiving food assistance","ZAATARICAMP","Men","WFP","Camp    - ","Indirect appeal","None - Fund direct from Donors","Yes","1","1711",15325,"# men","Zaatari Camp (all district)","North","Camp"
"12662","FOOD/LIVELIHOOD","31/1/2016","Improve Food Access","[REF1.1.2]School Feeding"," snacks","# SYRIAN_BOYS_IN_CAMPS  receiving school snacks","AZRAQCAMP","Boys","WFP","Camp    - ","Indirect appeal","None - Fund direct from Donors","Yes","1","1712",247,"# boys","Azraq Camp","North","Urban"
"12463","FOOD/LIVELIHOOD","29/2/2016","Improve Food Access","[REF1.1.2]School Feeding"," snacks","# SYRIAN_BOYS_IN_CAMPS  receiving school snacks","AZRAQCAMP","Boys","WVI","Camp    - ","Direct appeal","None - Fund direct from Donors","Yes","1","1712",1240,"# boys","Azraq Camp","North","Urban"
"8860","FOOD/LIVELIHOOD","31/1/2016","Improve Food Access","[REF1.1.2]School Feeding"," snacks","# SYRIAN_BOYS_IN_CAMPS  receiving school snacks","ZAATARICAMP","Boys","WFP","Camp    - ","Indirect appeal","None - Fund direct from Donors","Yes","1","1711",7442,"# boys","Zaatari Camp (all district)","North","Urban"
"12715","FOOD/LIVELIHOOD","31/1/2016","Improve Food Access","[REF1.1.2]School Feeding","g school snacks","# SYRIAN_GIRLS_IN_CAMPS  receiving school snacks","AZRAQCAMP","Girls","WFP","Camp    - ","Indirect appeal","None - Fund direct from Donors","Yes","1","1712",217,"# girls","Azraq Camp","North","Camp"
"12329","FOOD/LIVELIHOOD","29/2/2016","Improve Food Access","[REF1.1.2]School Feeding","g school snacks","# SYRIAN_GIRLS_IN_CAMPS  receiving school snacks","AZRAQCAMP","Girls","WVI","Camp    - ","Direct appeal","None - Fund direct from Donors","Yes","1","1712",1177,"# girls","Azraq Camp","North","Camp"
"9867","FOOD/LIVELIHOOD","31/1/2016","Improve Food Access","[REF1.1.2]School Feeding","g school snacks","# SYRIAN_GIRLS_IN_CAMPS  receiving school snacks","ZAATARICAMP","Girls","WFP","Camp    - ","Indirect appeal","None - Fund direct from Donors","Yes","1","1711",8202,"# girls","Zaatari Camp (all district)","North","Camp"
"11994","FOOD/LIVELIHOOD","29/2/2016","Promote Safe/Nutr/Diverse Food","[REF1.2.2]Awareness Nutr. Practices","ed on good nutritional practices","# of SYRIAN_MEN_IN_CAMPS trained on good nutritional practices","AZRAQCAMP","Men","WVI","Camp    - ","Indirect appeal","None - Fund direct from Donors","Yes","1","1712",14,"# men","Azraq Camp","North","Camp"
"11702","FOOD/LIVELIHOOD","29/2/2016","Promote Safe/Nutr/Diverse Food","[REF1.2.2]Awareness Nutr. Practices","n good nutritional practices","# of SYRIAN_WOMEN_IN_CAMPS trained on good nutritional practices","AZRAQCAMP","Women","WVI","Camp    - ","Indirect appeal","None - Fund direct from Donors","Yes","1","1712",13,"# women","Azraq Camp","North","Camp"
"11745","FOOD/LIVELIHOOD","29/2/2016","Promote Safe/Nutr/Diverse Food","[REF1.2.2]Awareness Nutr. Practices","n good nutritional practices","# of SYRIAN_GIRLS_IN_CAMPS trained on good nutritional practices","AZRAQCAMP","Girls","WVI","Camp    - ","Indirect appeal","None - Fund direct from Donors","Yes","1","1712",120,"# girls","Azraq Camp","North","Camp"
"11717","FOOD/LIVELIHOOD","29/2/2016","Promote Safe/Nutr/Diverse Food","[REF1.2.2]Awareness Nutr. Practices","utritional practices","# of SYRIAN_BOYS_IN_CAMPS trained on good nutritional practices","AZRAQCAMP","Boys","WVI","Camp    - ","Indirect appeal","None - Fund direct from Donors","Yes","1","1712",150,"# boys","Azraq Camp","North","Urban"
"13696","FOOD/LIVELIHOOD","31/12/2014","Promote Safe/Nutr/Diverse Food","[REF2.1]Nutrition Support & Education"," # trained on nutritional practices","Urban/Rural Syrian Women (Age 18 and above) - # trained on nutritional practices","IRBID","Men","UNHCR","   Urban areas - ","Indirect appeal","UNHCR","Yes",,,0,"# of benef","",,"Host Community"
"13697","FOOD/LIVELIHOOD","31/12/2014","Promote Safe/Nutr/Diverse Food","[REF2.1]Nutrition Support & Education"," # trained on nutritional practices","Urban/Rural Syrian Women (Age 18 and above) - # trained on nutritional practices","MAFRAQ","Women","UNHCR","   Urban areas - ","Indirect appeal","UNHCR","Yes",,,0,"# of benef","",,"Host Community"
"13698","FOOD/LIVELIHOOD","31/12/2014","Promote Safe/Nutr/Diverse Food","[REF2.1]Nutrition Support & Education"," # trained on nutritional practices","Urban/Rural Syrian Women (Age 18 and above) - # trained on nutritional practices","ZARQA","Girls","UNHCR","   Urban areas - ","Indirect appeal","UNHCR","Yes",,,0,"# of benef","",,"Host Community"
"13699","FOOD/LIVELIHOOD","31/12/2014","Promote Safe/Nutr/Diverse Food","[REF2.1]Nutrition Support & Education"," # trained on nutritional practices","Urban/Rural Syrian Women (Age 18 and above) - # trained on nutritional practices","AMMAN","Boys","UNHCR","   Urban areas - ","Indirect appeal","UNHCR","Yes",,,0,"# of benef","",,"Host Community"
"13700","FOOD/LIVELIHOOD","31/12/2014","Promote Safe/Nutr/Diverse Food","[REF2.1]Nutrition Support & Education"," # trained on nutritional practices","Urban/Rural Syrian Women (Age 18 and above) - # trained on nutritional practices","MAAN","Men","UNHCR","   Urban areas - ","Indirect appeal","UNHCR","Yes",,,0,"# of benef","",,"Host Community"
"13701","FOOD/LIVELIHOOD","31/12/2014","Promote Safe/Nutr/Diverse Food","[REF2.1]Nutrition Support & Education"," # trained on nutritional practices","Urban/Rural Syrian Women (Age 18 and above) - # trained on nutritional practices","AQABAH","Women","UNHCR","   Urban areas - ","Indirect appeal","UNHCR","Yes",,,0,"# of benef","",,"Host Community"
"13702","FOOD/LIVELIHOOD","31/12/2014","Promote Safe/Nutr/Diverse Food","[REF2.1]Nutrition Support & Education"," # trained on nutritional practices","Urban/Rural Syrian Women (Age 18 and above) - # trained on nutritional practices","TAFILAH","Girls","UNHCR","   Urban areas - ","Indirect appeal","UNHCR","Yes",,,0,"# of benef","",,"Host Community"
"13703","FOOD/LIVELIHOOD","31/12/2014","Promote Safe/Nutr/Diverse Food","[REF2.1]Nutrition Support & Education"," # trained on nutritional practices","Urban/Rural Syrian Women (Age 18 and above) - # trained on nutritional practices","KARAK","Boys","UNHCR","   Urban areas - ","Indirect appeal","UNHCR","Yes",,,0,"# of benef","",,"Host Community"
"13704","FOOD/LIVELIHOOD","31/12/2014","Promote Safe/Nutr/Diverse Food","[REF2.1]Nutrition Support & Education"," # trained on nutritional practices","Urban/Rural Syrian Women (Age 18 and above) - # trained on nutritional practices","MADABA","Men","UNHCR","   Urban areas - ","Indirect appeal","UNHCR","Yes",,,0,"# of benef","",,"Host Community"
"13705","FOOD/LIVELIHOOD","31/12/2014","Promote Safe/Nutr/Diverse Food","[REF2.1]Nutrition Support & Education"," # trained on nutritional practices","Urban/Rural Syrian Women (Age 18 and above) - # trained on nutritional practices","BALQA","Women","UNHCR","   Urban areas - ","Indirect appeal","UNHCR","Yes",,,0,"# of benef","",,"Host Community"
"13706","FOOD/LIVELIHOOD","31/12/2014","Promote Safe/Nutr/Diverse Food","[REF2.1]Nutrition Support & Education"," # trained on nutritional practices","Urban/Rural Syrian Women (Age 18 and above) - # trained on nutritional practices","JARASH","Girls","UNHCR","   Urban areas - ","Indirect appeal","UNHCR","Yes",,,0,"# of benef","",,"Host Community"
"13707","FOOD/LIVELIHOOD","31/12/2014","Promote Safe/Nutr/Diverse Food","[REF2.1]Nutrition Support & Education"," # trained on nutritional practices","Urban/Rural Syrian Women (Age 18 and above) - # trained on nutritional practices","AJLOUN","Boys","UNHCR","   Urban areas - ","Indirect appeal","UNHCR","Yes",,,0,"# of benef","",,"Host Community"
"13710","FOOD/LIVELIHOOD","31/12/2014","Promote Safe/Nutr/Diverse Food","[REF2.1]Nutrition Support & Education"," # trained on nutritional practices","Urban/Rural Syrian Women (Age 18 and above) - # trained on nutritional practices","Countrywide","Girls","UNHCR","   Urban areas - ","Indirect appeal","UNHCR","Yes",,,0,"# of benef","",,"Host Community"
"13711","FOOD/LIVELIHOOD","31/12/2014","Promote Safe/Nutr/Diverse Food","[REF2.1]Nutrition Support & Education"," # trained on nutritional practices","Urban/Rural Syrian Women (Age 18 and above) - # trained on nutritional practices","EJ Camp","Women","UNHCR","Camp    - ","Indirect appeal","UNHCR","Yes",,,0,"# of benef","",,"Camp"
"13712","FOOD/LIVELIHOOD","31/12/2014","Promote Safe/Nutr/Diverse Food","[REF2.1]Nutrition Support & Education"," # trained on nutritional practices","Urban/Rural Syrian Women (Age 18 and above) - # trained on nutritional practices","ZaatariCamp","Men","UNHCR","Camp    - ","Indirect appeal","UNHCR","Yes",,,0,"# of benef","District 12",,"Camp"
"13708","FOOD/LIVELIHOOD","31/12/2014","Promote Safe/Nutr/Diverse Food","[REF2.1]Nutrition Support & Education"," # trained on nutritional practices","Urban/Rural Syrian Women (Age 18 and above) - # trained on nutritional practices","ZaatariCamp","Men","UNHCR","Camp    - ","Indirect appeal","UNHCR","Yes",,,0,"# of benef","District 7",,"Camp"
"13709","FOOD/LIVELIHOOD","31/12/2014","Promote Safe/Nutr/Diverse Food","[REF2.1]Nutrition Support & Education"," # trained on nutritional practices","Urban/Rural Syrian Women (Age 18 and above) - # trained on nutritional practices","AzraqCamp","Women","UNHCR","Camp    - ","Indirect appeal","UNHCR","Yes",,,0,"# of benef","Village 1",,"Camp"
